year,origin_geoid,dest_geoid,flow,origin_name,dest_name
2019,72153,01073,89,Yauco Municipio,Jefferson County
2019,01073,19037,893,Jefferson County,Chickasaw County
2019,08001,01073,585,Adams County,Jefferson County
2019,01033,17001,915,Colbert County,Adams County
2019,01033,06093,177,Colbert County,Siskiyou County
2019,15007,01033,480,Kauai County,Colbert County
2019,45079,01033,260,Richland County,Colbert County
2019,01033,46109,150,Colbert County,Roberts County
2019,28107,01009,704,Panola County,Blount County
2019,01009,04001,961,Blount County,Apache County
2019,33011,01009,621,Hillsborough County,Blount County
2019,11001,01009,594,District of Columbia,Blount County
2019,01019,35031,239,Cherokee County,McKinley County
2019,01019,16081,543,Cherokee County,Teton County
2019,01019,33015,260,Cherokee County,Rockingham County
2019,01019,48411,528,Cherokee County,San Saba County
2019,41027,01019,658,Hood River County,Cherokee County
2019,32011,01091,212,Eureka County,Marengo County
2019,19081,01091,666,Hancock County,Marengo County
2019,22001,01091,796,Acadia Parish,Marengo County
2019,51025,01081,912,Brunswick County,Lee County
2019,22033,01081,495,East Baton Rouge Parish,Lee County
2019,01081,41053,955,Lee County,Polk County
2019,50019,01081,621,Orleans County,Lee County
2019,01081,23029,724,Lee County,Washington County
2019,01123,13113,918,Tallapoosa County,Fayette County
2019,72009,01123,742,Aibonito Municipio,Tallapoosa County
2019,01123,29095,907,Tallapoosa County,Jackson County
2019,53049,01123,637,Pacific County,Tallapoosa County
2019,48335,01123,849,Mitchell County,Tallapoosa County
2019,35015,01011,230,Eddy County,Bullock County
2019,01011,49053,66,Bullock County,Washington County
2019,01011,36033,260,Bullock County,Franklin County
2019,01129,46035,32,Washington County,Davison County
2019,01129,40091,29,Washington County,McIntosh County
2019,01129,18089,493,Washington County,Lake County
2019,08103,01129,853,Rio Blanco County,Washington County
2019,01129,20209,963,Washington County,Wyandotte County
2019,72065,01025,202,Hatillo Municipio,Clarke County
2019,08011,01025,726,Bent County,Clarke County
2019,01025,45025,47,Clarke County,Chesterfield County
2019,01025,38025,331,Clarke County,Dunn County
2019,38083,02275,801,Sheridan County,Wrangell City and Borough
2019,06025,02275,656,Imperial County,Wrangell City and Borough
2019,20131,02275,637,Nemaha County,Wrangell City and Borough
2019,31045,02150,366,Dawes County,Kodiak Island Borough
2019,47147,02150,812,Robertson County,Kodiak Island Borough
2019,02150,04021,277,Kodiak Island Borough,Pinal County
2019,20189,02150,378,Stevens County,Kodiak Island Borough
2019,04003,02150,932,Cochise County,Kodiak Island Borough
2019,06089,02198,865,Shasta County,Prince of Wales-Hyder Census Area
2019,31045,02198,597,Dawes County,Prince of Wales-Hyder Census Area
2019,02164,42011,645,Lake and Peninsula Borough,Berks County
2019,45051,02164,440,Horry County,Lake and Peninsula Borough
2019,33013,02164,295,Merrimack County,Lake and Peninsula Borough
2019,46035,02164,992,Davison County,Lake and Peninsula Borough
2019,48159,02070,76,Franklin County,Dillingham Census Area
2019,02070,36001,288,Dillingham Census Area,Albany County
2019,04027,02090,108,Yuma County,Fairbanks North Star Borough
2019,02090,54039,475,Fairbanks North Star Borough,Kanawha County
2019,13287,02090,658,Turner County,Fairbanks North Star Borough
2019,08121,02282,810,Washington County,Yakutat City and Borough
2019,40021,02282,736,Cherokee County,Yakutat City and Borough
2019,02282,05071,165,Yakutat City and Borough,Johnson County
2019,13191,02220,698,McIntosh County,Sitka City and Borough
2019,36119,02220,768,Westchester County,Sitka City and Borough
2019,02220,27137,600,Sitka City and Borough,St. Louis County
2019,02220,40091,113,Sitka City and Borough,McIntosh County
2019,02220,27025,870,Sitka City and Borough,Chisago County
2019,02110,19169,338,Juneau City and Borough,Story County
2019,02110,16073,319,Juneau City and Borough,Owyhee County
2019,27021,02110,150,Cass County,Juneau City and Borough
2019,02013,33019,71,Aleutians East Borough,Sullivan County
2019,31089,02013,610,Holt County,Aleutians East Borough
2019,23001,02013,715,Androscoggin County,Aleutians East Borough
2019,53055,04017,181,San Juan County,Navajo County
2019,54027,04017,717,Hampshire County,Navajo County
2019,36033,04021,602,Franklin County,Pinal County
2019,04021,23011,595,Pinal County,Kennebec County
2019,31089,04001,999,Holt County,Apache County
2019,04001,18145,459,Apache County,Shelby County
2019,29163,04001,93,Pike County,Apache County
2019,34037,04001,851,Sussex County,Apache County
2019,40095,04001,452,Marshall County,Apache County
2019,04025,23001,988,Yavapai County,Androscoggin County
2019,06089,04025,148,Shasta County,Yavapai County
2019,04025,54065,689,Yavapai County,Morgan County
2019,04025,24025,945,Yavapai County,Harford County
2019,04025,32031,413,Yavapai County,Washoe County
2019,46137,04011,20,Ziebach County,Greenlee County
2019,09013,04011,243,Tolland County,Greenlee County
2019,12083,04011,58,Marion County,Greenlee County
2019,26009,04011,367,Antrim County,Greenlee County
2019,04015,48061,421,Mohave County,Cameron County
2019,26061,04015,439,Houghton County,Mohave County
2019,04015,02070,433,Mohave County,Dillingham Census Area
2019,29009,04015,544,Barry County,Mohave County
2019,04015,56025,255,Mohave County,Natrona County
2019,04005,34001,243,Coconino County,Atlantic County
2019,72065,04005,439,Hatillo Municipio,Coconino County
2019,04005,45017,503,Coconino County,Calhoun County
2019,04003,08011,422,Cochise County,Bent County
2019,04003,34031,280,Cochise County,Passaic County
2019,04003,20001,333,Cochise County,Allen County
2019,04003,01091,954,Cochise County,Marengo County
2019,04027,29021,659,Yuma County,Buchanan County
2019,04027,36011,59,Yuma County,Cayuga County
2019,39037,04027,601,Darke County,Yuma County
2019,13061,04027,666,Clay County,Yuma County
2019,18001,04009,663,Adams County,Graham County
2019,34023,04009,781,Middlesex County,Graham County
2019,37021,04009,897,Buncombe County,Graham County
2019,04009,32017,772,Graham County,Lincoln County
2019,04009,40091,738,Graham County,McIntosh County
2019,33009,05009,274,Grafton County,Boone County
2019,49001,05009,619,Beaver County,Boone County
2019,05127,22033,928,Scott County,East Baton Rouge Parish
2019,05127,09001,333,Scott County,Fairfield County
2019,37079,05127,117,Greene County,Scott County
2019,33015,05021,141,Rockingham County,Clay County
2019,05021,56001,648,Clay County,Albany County
2019,05021,18135,433,Clay County,Randolph County
2019,13299,05021,161,Ware County,Clay County
2019,18045,05021,852,Fountain County,Clay County
2019,05001,48019,788,Arkansas County,Bandera County
2019,31079,05001,800,Hall County,Arkansas County
2019,05001,06105,624,Arkansas County,Trinity County
2019,35035,05001,410,Otero County,Arkansas County
2019,05071,27053,647,Johnson County,Hennepin County
2019,35049,05071,566,Santa Fe County,Johnson County
2019,18021,05071,960,Clay County,Johnson County
2019,19125,05071,361,Marion County,Johnson County
2019,05071,30073,548,Johnson County,Pondera County
2019,12035,05123,954,Flagler County,St. Francis County
2019,44007,05123,59,Providence County,St. Francis County
2019,26001,05123,117,Alcona County,St. Francis County
2019,05123,13315,836,St. Francis County,Wilcox County
2019,31081,05057,948,Hamilton County,Hempstead County
2019,05057,15009,175,Hempstead County,Maui County
2019,39001,05057,999,Adams County,Hempstead County
2019,08011,05057,909,Bent County,Hempstead County
2019,08023,05057,67,Costilla County,Hempstead County
2019,25003,05025,749,Berkshire County,Cleveland County
2019,24001,05025,641,Allegany County,Cleveland County
2019,28045,05025,290,Hancock County,Cleveland County
2019,05139,21009,131,Union County,Barren County
2019,05139,25009,715,Union County,Essex County
2019,33003,05139,453,Carroll County,Union County
2019,05139,30053,127,Union County,Lincoln County
2019,25001,05139,440,Barnstable County,Union County
2019,20091,05129,623,Johnson County,Searcy County
2019,41071,05129,51,Yamhill County,Searcy County
2019,05129,29091,186,Searcy County,Howell County
2019,06001,21009,60,Alameda County,Barren County
2019,06001,18001,554,Alameda County,Adams County
2019,06001,35028,909,Alameda County,Los Alamos County
2019,06001,47147,927,Alameda County,Robertson County
2019,06011,09001,709,Colusa County,Fairfield County
2019,06011,39137,758,Colusa County,Putnam County
2019,72131,06011,974,San Sebastián Municipio,Colusa County
2019,49027,06011,332,Millard County,Colusa County
2019,06011,51700,866,Colusa County,Newport News city
2019,47145,06069,224,Roane County,San Benito County
2019,29163,06069,496,Pike County,San Benito County
2019,38035,06069,75,Grand Forks County,San Benito County
2019,06069,33005,209,San Benito County,Cheshire County
2019,06027,36011,108,Inyo County,Cayuga County
2019,32001,06027,246,Churchill County,Inyo County
2019,06027,26107,634,Inyo County,Mecosta County
2019,06089,50009,735,Shasta County,Essex County
2019,06089,33019,780,Shasta County,Sullivan County
2019,06089,48371,189,Shasta County,Pecos County
2019,49017,06105,190,Garfield County,Trinity County
2019,23011,06105,138,Kennebec County,Trinity County
2019,06075,18021,740,San Francisco County,Clay County
2019,06075,55099,867,San Francisco County,Price County
2019,06025,06075,698,Imperial County,San Francisco County
2019,53055,06075,344,San Juan County,San Francisco County
2019,36001,06051,608,Albany County,Mono County
2019,06051,53049,657,Mono County,Pacific County
2019,06051,46127,119,Mono County,Union County
2019,36033,06093,937,Franklin County,Siskiyou County
2019,06093,19085,493,Siskiyou County,Harrison County
2019,31081,06093,360,Hamilton County,Siskiyou County
2019,22123,06025,705,West Carroll Parish,Imperial County
2019,06025,35035,32,Imperial County,Otero County
2019,45025,06025,538,Chesterfield County,Imperial County
2019,33003,06025,720,Carroll County,Imperial County
2019,18045,06025,608,Fountain County,Imperial County
2019,08103,35049,416,Rio Blanco County,Santa Fe County
2019,51790,08103,311,Staunton city,Rio Blanco County
2019,33013,08115,581,Merrimack County,Sedgwick County
2019,08115,33005,251,Sedgwick County,Cheshire County
2019,40057,08115,23,Harmon County,Sedgwick County
2019,36033,08115,127,Franklin County,Sedgwick County
2019,26009,08001,872,Antrim County,Adams County
2019,08001,46013,641,Adams County,Brown County
2019,17001,08001,132,Adams County,Adams County
2019,08023,08001,519,Costilla County,Adams County
2019,50003,08087,605,Bennington County,Morgan County
2019,08087,11001,731,Morgan County,District of Columbia
2019,08011,05123,249,Bent County,St. Francis County
2019,08011,26025,479,Bent County,Calhoun County
2019,08011,09003,929,Bent County,Hartford County
2019,08071,13315,25,Las Animas County,Wilcox County
2019,51790,08071,114,Staunton city,Las Animas County
2019,72153,08071,513,Yauco Municipio,Las Animas County
2019,38083,08071,721,Sheridan County,Las Animas County
2019,49043,08071,701,Summit County,Las Animas County
2019,08031,45071,212,Denver County,Newberry County
2019,72153,08031,829,Yauco Municipio,Denver County
2019,08031,56027,595,Denver County,Niobrara County
2019,45009,08031,367,Bamberg County,Denver County
2019,08023,72025,821,Costilla County,Caguas Municipio
2019,19081,08023,57,Hancock County,Costilla County
2019,08023,04027,644,Costilla County,Yuma County
2019,21021,08023,828,Boyle County,Costilla County
2019,08049,23029,590,Grand County,Washington County
2019,08049,55025,11,Grand County,Dane County
2019,08049,33011,128,Grand County,Hillsborough County
2019,08049,11001,995,Grand County,District of Columbia
2019,01081,08121,533,Lee County,Washington County
2019,08001,08121,679,Adams County,Washington County
2019,25027,08121,657,Worcester County,Washington County
2019,30011,08121,81,Carter County,Washington County
2019,46129,09003,912,Walworth County,Hartford County
2019,27021,09003,990,Cass County,Hartford County
2019,27153,09003,564,Todd County,Hartford County
2019,22123,09003,417,West Carroll Parish,Hartford County
2019,09011,40071,208,New London County,Kay County
2019,09011,53055,816,New London County,San Juan County
2019,09011,37161,742,New London County,Rutherford County
2019,51083,09011,453,Halifax County,New London County
2019,21111,09001,985,Jefferson County,Fairfield County
2019,18053,09001,881,Grant County,Fairfield County
2019,09001,18145,503,Fairfield County,Shelby County
2019,25025,09015,808,Suffolk County,Windham County
2019,09015,01019,49,Windham County,Cherokee County
2019,09015,26063,596,Windham County,Huron County
2019,32029,09005,257,Storey County,Litchfield County
2019,01091,09005,650,Marengo County,Litchfield County
2019,09005,15009,780,Litchfield County,Maui County
2019,30039,09005,15,Granite County,Litchfield County
2019,09005,16049,376,Litchfield County,Idaho County
2019,39153,09009,957,Summit County,New Haven County
2019,36115,09009,639,Washington County,New Haven County
2019,09009,05021,326,New Haven County,Clay County
2019,49001,09009,178,Beaver County,New Haven County
2019,09007,18111,31,Middlesex County,Newton County
2019,01025,09007,664,Clarke County,Middlesex County
2019,09013,47021,710,Tolland County,Cheatham County
2019,16017,09013,809,Bonner County,Tolland County
2019,08115,09013,202,Sedgwick County,Tolland County
2019,10001,54011,180,Kent County,Cabell County
2019,10001,44007,52,Kent County,Providence County
2019,10001,50019,455,Kent County,Orleans County
2019,12123,10001,906,Taylor County,Kent County
2019,72021,10003,176,Bayamón Municipio,New Castle County
2019,18045,10003,539,Fountain County,New Castle County
2019,29021,10005,324,Buchanan County,Sussex County
2019,09009,10005,921,New Haven County,Sussex County
2019,50011,11001,479,Franklin County,District of Columbia
2019,40133,11001,196,Seminole County,District of Columbia
2019,11001,28107,209,District of Columbia,Panola County
2019,12027,12075,598,DeSoto County,Levy County
2019,26009,12075,417,Antrim County,Levy County
2019,12075,30011,659,Levy County,Carter County
2019,26009,12075,597,Antrim County,Levy County
2019,24019,12035,654,Dorchester County,Flagler County
2019,12035,37089,824,Flagler County,Henderson County
2019,12035,45025,939,Flagler County,Chesterfield County
2019,72025,12035,94,Caguas Municipio,Flagler County
2019,35059,12035,386,Union County,Flagler County
2019,12009,39137,899,Brevard County,Putnam County
2019,15009,12009,907,Maui County,Brevard County
2019,12009,29021,447,Brevard County,Buchanan County
2019,10003,12009,564,New Castle County,Brevard County
2019,12019,33009,398,Clay County,Grafton County
2019,20107,12019,890,Linn County,Clay County
2019,12019,37079,359,Clay County,Greene County
2019,12091,39137,131,Okaloosa County,Putnam County
2019,09011,12091,310,New London County,Okaloosa County
2019,50017,12083,914,Orange County,Marion County
2019,12083,08011,667,Marion County,Bent County
2019,23001,12083,447,Androscoggin County,Marion County
2019,20091,12123,449,Johnson County,Taylor County
2019,54025,12123,415,Greenbrier County,Taylor County
2019,38087,12123,867,Slope County,Taylor County
2019,21021,12123,942,Boyle County,Taylor County
2019,12011,24039,868,Broward County,Somerset County
2019,21053,12011,408,Clinton County,Broward County
2019,01009,12011,64,Blount County,Broward County
2019,12129,22089,573,Wakulla County,St. Charles Parish
2019,12129,36011,568,Wakulla County,Cayuga County
2019,16025,12027,120,Camas County,DeSoto County
2019,12027,42123,151,DeSoto County,Warren County
2019,45017,12027,140,Calhoun County,DeSoto County
2019,09011,13159,51,New London County,Jasper County
2019,13159,18001,932,Jasper County,Adams County
2019,20107,13315,49,Linn County,Wilcox County
2019,13315,39037,513,Wilcox County,Darke County
2019,13315,09011,12,Wilcox County,New London County
2019,24003,13315,848,Anne Arundel County,Wilcox County
2019,13261,17095,879,Sumter County,Knox County
2019,13261,33009,488,Sumter County,Grafton County
2019,13261,13113,509,Sumter County,Fayette County
2019,13113,16081,550,Fayette County,Teton County
2019,08011,13113,942,Bent County,Fayette County
2019,13113,16007,68,Fayette County,Bear Lake County
2019,51163,13113,264,Rockbridge County,Fayette County
2019,08115,13191,177,Sedgwick County,McIntosh County
2019,13191,48013,779,McIntosh County,Atascosa County
2019,13191,08023,893,McIntosh County,Costilla County
2019,56027,13191,388,Niobrara County,McIntosh County
2019,15003,13191,347,Honolulu County,McIntosh County
2019,02198,13061,679,Prince of Wales-Hyder Census Area,Clay County
2019,13061,01091,966,Clay County,Marengo County
2019,32031,13061,945,Washoe County,Clay County
2019,13299,01025,27,Ware County,Clarke County
2019,39009,13299,969,Athens County,Ware County
2019,49053,13299,638,Washington County,Ware County
2019,13299,35017,961,Ware County,Grant County
2019,19081,13105,441,Hancock County,Elbert County
2019,13105,46137,43,Elbert County,Ziebach County
2019,34033,13105,418,Salem County,Elbert County
2019,13105,34031,933,Elbert County,Passaic County
2019,13105,51105,897,Elbert County,Lee County
2019,18089,13199,78,Lake County,Meriwether County
2019,21021,13199,150,Boyle County,Meriwether County
2019,25009,13199,593,Essex County,Meriwether County
2019,45089,13199,722,Williamsburg County,Meriwether County
2019,18135,13287,444,Randolph County,Turner County
2019,13287,19169,348,Turner County,Story County
2019,13287,47085,957,Turner County,Humphreys County
2019,13287,12083,923,Turner County,Marion County
2019,04001,13287,144,Apache County,Turner County
2019,02282,15003,867,Yakutat City and Borough,Honolulu County
2019,06027,15003,860,Inyo County,Honolulu County
2019,19169,15009,490,Story County,Maui County
2019,40091,15009,610,McIntosh County,Maui County
2019,48371,15009,190,Pecos County,Maui County
2019,15005,01129,631,Kalawao County,Washington County
2019,15005,48403,429,Kalawao County,Sabine County
2019,15005,25017,396,Kalawao County,Middlesex County
2019,04015,15005,113,Mohave County,Kalawao County
2019,15001,06027,668,Hawaii County,Inyo County
2019,15001,55069,342,Hawaii County,Lincoln County
2019,15007,15009,525,Kauai County,Maui County
2019,15007,17061,64,Kauai County,Greene County
2019,15007,55001,207,Kauai County,Adams County
2019,01009,15007,782,Blount County,Kauai County
2019,19125,15007,681,Marion County,Kauai County
2019,16075,38025,383,Payette County,Dunn County
2019,33005,16075,57,Cheshire County,Payette County
2019,01033,16075,151,Colbert County,Payette County
2019,27135,16049,30,Roseau County,Idaho County
2019,16049,42025,654,Idaho County,Carbon County
2019,56001,16049,99,Albany County,Idaho County
2019,16049,19081,561,Idaho County,Hancock County
2019,16049,53055,261,Idaho County,San Juan County
2019,12091,16051,682,Okaloosa County,Jefferson County
2019,31001,16051,760,Adams County,Jefferson County
2019,04017,16051,243,Navajo County,Jefferson County
2019,16051,22073,358,Jefferson County,Ouachita Parish
2019,16073,28107,84,Owyhee County,Panola County
2019,27053,16073,268,Hennepin County,Owyhee County
2019,16073,49027,194,Owyhee County,Millard County
2019,24035,16069,229,Queen Anne's County,Nez Perce County
2019,01011,16069,448,Bullock County,Nez Perce County
2019,16081,37045,446,Teton County,Cleveland County
2019,05001,16081,356,Arkansas County,Teton County
2019,16081,01011,266,Teton County,Bullock County
2019,16081,39001,89,Teton County,Adams County
2019,39021,16081,142,Champaign County,Teton County
2019,36011,16009,681,Cayuga County,Benewah County
2019,56017,16009,233,Hot Springs County,Benewah County
2019,34017,16009,765,Hudson County,Benewah County
2019,16025,28063,392,Camas County,Jefferson County
2019,44009,16025,344,Washington County,Camas County
2019,16025,01073,602,Camas County,Jefferson County
2019,16025,01011,564,Camas County,Bullock County
2019,16017,04005,885,Bonner County,Coconino County
2019,29021,16017,188,Buchanan County,Bonner County
2019,16017,49055,38,Bonner County,Wayne County
2019,16017,26063,718,Bonner County,Huron County
2019,16007,09013,312,Bear Lake County,Tolland County
2019,10005,16007,508,Sussex County,Bear Lake County
2019,19129,16007,518,Mills County,Bear Lake County
2019,48235,17061,908,Irion County,Greene County
2019,26025,17061,914,Calhoun County,Greene County
2019,38035,17061,385,Grand Forks County,Greene County
2019,17061,36033,62,Greene County,Franklin County
2019,25003,17061,852,Berkshire County,Greene County
2019,22011,17135,824,Beauregard Parish,Montgomery County
2019,31079,17135,560,Hall County,Montgomery County
2019,17135,23003,729,Montgomery County,Aroostook County
2019,06089,17125,352,Shasta County,Mason County
2019,19001,17125,454,Adair County,Mason County
2019,17125,32033,623,Mason County,White Pine County
2019,17125,54025,839,Mason County,Greenbrier County
2019,20129,17095,334,Morton County,Knox County
2019,17095,11001,254,Knox County,District of Columbia
2019,17095,25017,777,Knox County,Middlesex County
2019,17095,09005,933,Knox County,Litchfield County
2019,17085,51025,717,Jo Daviess County,Brunswick County
2019,17085,46093,64,Jo Daviess County,Meade County
2019,17085,30073,521,Jo Daviess County,Pondera County
2019,35015,17085,126,Eddy County,Jo Daviess County
2019,55069,17085,579,Lincoln County,Jo Daviess County
2019,17081,24019,212,Jefferson County,Dorchester County
2019,25023,17081,882,Plymouth County,Jefferson County
2019,39001,17081,277,Adams County,Jefferson County
2019,17081,20095,345,Jefferson County,Kingman County
2019,56017,17081,123,Hot Springs County,Jefferson County
2019,17081,17181,732,Jefferson County,Union County
2019,17181,51065,26,Union County,Fluvanna County
2019,17091,50011,133,Kankakee County,Franklin County
2019,17091,13299,66,Kankakee County,Ware County
2019,08001,17091,463,Adams County,Kankakee County
2019,31145,17091,654,Red Willow County,Kankakee County
2019,17021,35049,513,Christian County,Santa Fe County
2019,17021,44009,601,Christian County,Washington County
2019,17021,45017,232,Christian County,Calhoun County
2019,28061,17021,800,Jasper County,Christian County
2019,17021,10003,698,Christian County,New Castle County
2019,17001,28021,674,Adams County,Claiborne County
2019,31135,17001,357,Perkins County,Adams County
2019,53049,17001,636,Pacific County,Adams County
2019,45083,17001,735,Spartanburg County,Adams County
2019,39021,18081,800,Champaign County,Johnson County
2019,50009,18081,934,Essex County,Johnson County
2019,18081,38065,800,Johnson County,Oliver County
2019,18081,19191,322,Johnson County,Winneshiek County
2019,45017,18081,591,Calhoun County,Johnson County
2019,33017,18045,871,Strafford County,Fountain County
2019,18045,04027,572,Fountain County,Yuma County
2019,18111,38065,664,Newton County,Oliver County
2019,18111,09009,88,Newton County,New Haven County
2019,18145,24013,746,Shelby County,Carroll County
2019,18145,42081,804,Shelby County,Lycoming County
2019,37141,18145,511,Pender County,Shelby County
2019,18145,11001,309,Shelby County,District of Columbia
2019,18001,49043,731,Adams County,Summit County
2019,12035,18001,783,Flagler County,Adams County
2019,18001,46137,284,Adams County,Ziebach County
2019,15005,18053,456,Kalawao County,Grant County
2019,18053,19085,703,Grant County,Harrison County
2019,40107,18053,197,Okfuskee County,Grant County
2019,01073,18053,107,Jefferson County,Grant County
2019,34007,18053,601,Camden County,Grant County
2019,01073,18079,338,Jefferson County,Jennings County
2019,34031,18079,931,Passaic County,Jennings County
2019,15007,18079,464,Kauai County,Jennings County
2019,18079,16017,66,Jennings County,Bonner County
2019,45089,18135,291,Williamsburg County,Randolph County
2019,18135,20189,175,Randolph County,Stevens County
2019,13261,18135,709,Sumter County,Randolph County
2019,55057,18135,96,Juneau County,Randolph County
2019,51087,18021,816,Henrico County,Clay County
2019,29133,18021,392,Mississippi County,Clay County
2019,18021,09003,531,Clay County,Hartford County
2019,18021,35023,234,Clay County,Hidalgo County
2019,22001,18089,535,Acadia Parish,Lake County
2019,18089,38039,847,Lake County,Griggs County
2019,18089,26001,242,Lake County,Alcona County
2019,49017,18089,792,Garfield County,Lake County
2019,19125,51065,21,Marion County,Fluvanna County
2019,36101,19125,537,Steuben County,Marion County
2019,50009,19081,683,Essex County,Hancock County
2019,02013,19081,117,Aleutians East Borough,Hancock County
2019,19081,36101,687,Hancock County,Steuben County
2019,19191,53027,580,Winneshiek County,Grays Harbor County
2019,44001,19191,546,Bristol County,Winneshiek County
2019,19191,27021,224,Winneshiek County,Cass County
2019,42123,19191,71,Warren County,Winneshiek County
2019,19191,54087,967,Winneshiek County,Roane County
2019,19037,23011,750,Chickasaw County,Kennebec County
2019,47021,19037,142,Cheatham County,Chickasaw County
2019,19037,48019,162,Chickasaw County,Bandera County
2019,19037,51115,277,Chickasaw County,Mathews County
2019,02150,19195,936,Kodiak Island Borough,Worth County
2019,49017,19195,919,Garfield County,Worth County
2019,19195,21081,516,Worth County,Grant County
2019,06093,19195,934,Siskiyou County,Worth County
2019,23001,19195,362,Androscoggin County,Worth County
2019,44001,19169,26,Bristol County,Story County
2019,19169,17125,353,Story County,Mason County
2019,19169,25027,90,Story County,Worcester County
2019,05139,19169,298,Union County,Story County
2019,19169,36115,637,Story County,Washington County
2019,26009,19129,685,Antrim County,Mills County
2019,08087,19129,812,Morgan County,Mills County
2019,39135,19085,555,Preble County,Harrison County
2019,19085,05025,684,Harrison County,Cleveland County
2019,18111,19085,807,Newton County,Harrison County
2019,19085,32003,869,Harrison County,Clark County
2019,20209,19085,402,Wyandotte County,Harrison County
2019,49033,19021,115,Rich County,Buena Vista County
2019,19021,37001,575,Buena Vista County,Alamance County
2019,19021,13287,751,Buena Vista County,Turner County
2019,09013,19001,607,Tolland County,Adair County
2019,19001,23001,490,Adair County,Androscoggin County
2019,19001,44009,954,Adair County,Washington County
2019,19001,53013,177,Adair County,Columbia County
2019,20061,45025,677,Geary County,Chesterfield County
2019,20061,26037,206,Geary County,Clinton County
2019,20061,36051,652,Geary County,Livingston County
2019,56019,20061,202,Johnson County,Geary County
2019,20061,08049,310,Geary County,Grand County
2019,20131,33005,218,Nemaha County,Cheshire County
2019,20131,55099,863,Nemaha County,Price County
2019,20131,12019,650,Nemaha County,Clay County
2019,20129,06093,157,Morton County,Siskiyou County
2019,46137,20129,536,Ziebach County,Morton County
2019,21009,20107,59,Barren County,Linn County
2019,21147,20107,596,McCreary County,Linn County
2019,20107,39053,899,Linn County,Gallia County
2019,17021,20107,920,Christian County,Linn County
2019,47085,20107,568,Humphreys County,Linn County
2019,20091,32033,205,Johnson County,White Pine County
2019,31021,20091,914,Burt County,Johnson County
2019,44009,20091,90,Washington County,Johnson County
2019,42123,20091,498,Warren County,Johnson County
2019,27153,20091,164,Todd County,Johnson County
2019,17095,20189,248,Knox County,Stevens County
2019,20189,72001,320,Stevens County,Adjuntas Municipio
2019,20209,21129,615,Wyandotte County,Lee County
2019,20209,02070,98,Wyandotte County,Dillingham Census Area
2019,20209,27053,112,Wyandotte County,Hennepin County
2019,20209,36113,91,Wyandotte County,Warren County
2019,20209,19001,895,Wyandotte County,Adair County
2019,28061,20095,281,Jasper County,Kingman County
2019,41025,20095,486,Harney County,Kingman County
2019,20021,44007,725,Cherokee County,Providence County
2019,20021,55021,218,Cherokee County,Columbia County
2019,20021,45079,207,Cherokee County,Richland County
2019,20001,22073,19,Allen County,Ouachita Parish
2019,47001,20001,51,Anderson County,Allen County
2019,21089,25017,443,Greenup County,Middlesex County
2019,21081,21089,145,Grant County,Greenup County
2019,21089,28107,460,Greenup County,Panola County
2019,21089,35023,303,Greenup County,Hidalgo County
2019,38011,21089,333,Bowman County,Greenup County
2019,21095,50025,725,Harlan County,Windham County
2019,55107,21095,24,Rusk County,Harlan County
2019,32011,21095,647,Eureka County,Harlan County
2019,06105,21095,190,Trinity County,Harlan County
2019,21009,54039,112,Barren County,Kanawha County
2019,21009,42011,23,Barren County,Berks County
2019,24025,21009,440,Harford County,Barren County
2019,21111,16051,514,Jefferson County,Jefferson County
2019,21111,34035,669,Jefferson County,Somerset County
2019,44005,21111,639,Newport County,Jefferson County
2019,21111,09003,301,Jefferson County,Hartford County
2019,32017,21111,713,Lincoln County,Jefferson County
2019,21053,50027,761,Clinton County,Windsor County
2019,21053,06069,873,Clinton County,San Benito County
2019,46003,21053,662,Aurora County,Clinton County
2019,21053,49027,168,Clinton County,Millard County
2019,21129,42129,924,Lee County,Westmoreland County
2019,21129,37079,570,Lee County,Greene County
2019,56025,21129,85,Natrona County,Lee County
2019,21147,51790,534,McCreary County,Staunton city
2019,21147,23005,561,McCreary County,Cumberland County
2019,18001,21147,690,Adams County,McCreary County
2019,56035,21021,550,Sublette County,Boyle County
2019,21021,18111,160,Boyle County,Newton County
2019,21021,56017,863,Boyle County,Hot Springs County
2019,29133,21021,999,Mississippi County,Boyle County
2019,26009,21021,171,Antrim County,Boyle County
2019,21081,04025,826,Grant County,Yavapai County
2019,47053,21081,448,Gibson County,Grant County
2019,55009,21215,655,Brown County,Spencer County
2019,20189,21215,122,Stevens County,Spencer County
2019,72067,22105,405,Hormigueros Municipio,Tangipahoa Parish
2019,39009,22105,240,Athens County,Tangipahoa Parish
2019,37107,22117,357,Lenoir County,Washington Parish
2019,12009,22117,182,Brevard County,Washington Parish
2019,22001,22123,375,Acadia Parish,West Carroll Parish
2019,50003,22001,878,Bennington County,Acadia Parish
2019,13299,22001,231,Ware County,Acadia Parish
2019,01025,22001,728,Clarke County,Acadia Parish
2019,22001,32019,192,Acadia Parish,Lyon County
2019,21111,22089,908,Jefferson County,St. Charles Parish
2019,48235,22089,785,Irion County,St. Charles Parish
2019,22089,22123,77,St. Charles Parish,West Carroll Parish
2019,08087,22011,837,Morgan County,Beauregard Parish
2019,22011,56001,98,Beauregard Parish,Albany County
2019,22011,46093,759,Beauregard Parish,Meade County
2019,22011,25017,644,Beauregard Parish,Middlesex County
2019,22073,35049,705,Ouachita Parish,Santa Fe County
2019,22073,23029,881,Ouachita Parish,Washington County
2019,22073,39045,511,Ouachita Parish,Fairfield County
2019,10001,22073,418,Kent County,Ouachita Parish
2019,42123,22073,954,Warren County,Ouachita Parish
2019,22033,18021,506,East Baton Rouge Parish,Clay County
2019,56027,22033,306,Niobrara County,East Baton Rouge Parish
2019,08087,22033,454,Morgan County,East Baton Rouge Parish
2019,22025,22033,815,Catahoula Parish,East Baton Rouge Parish
2019,22033,18145,461,East Baton Rouge Parish,Shelby County
2019,19037,22025,85,Chickasaw County,Catahoula Parish
2019,22025,48159,64,Catahoula Parish,Franklin County
2019,22025,47085,861,Catahoula Parish,Humphreys County
2019,22025,15009,298,Catahoula Parish,Maui County
2019,22051,55001,529,Jefferson Parish,Adams County
2019,22051,17081,728,Jefferson Parish,Jefferson County
2019,22051,05139,110,Jefferson Parish,Union County
2019,01009,22051,890,Blount County,Jefferson Parish
2019,19195,22123,504,Worth County,West Carroll Parish
2019,22123,26001,702,West Carroll Parish,Alcona County
2019,22123,42033,267,West Carroll Parish,Clearfield County
2019,30025,22123,755,Fallon County,West Carroll Parish
2019,25003,23001,314,Berkshire County,Androscoggin County
2019,16081,23001,780,Teton County,Androscoggin County
2019,23001,42081,28,Androscoggin County,Lycoming County
2019,23001,36097,300,Androscoggin County,Schuyler County
2019,23001,21111,879,Androscoggin County,Jefferson County
2019,23003,49055,279,Aroostook County,Wayne County
2019,23003,49043,557,Aroostook County,Summit County
2019,23003,32003,552,Aroostook County,Clark County
2019,33015,23003,804,Rockingham County,Aroostook County
2019,37161,23003,525,Rutherford County,Aroostook County
2019,40021,23011,125,Cherokee County,Kennebec County
2019,40091,23011,852,McIntosh County,Kennebec County
2019,23011,02220,239,Kennebec County,Sitka City and Borough
2019,23029,36051,267,Washington County,Livingston County
2019,08115,23029,582,Sedgwick County,Washington County
2019,23029,16075,835,Washington County,Payette County
2019,18089,23029,176,Lake County,Washington County
2019,13159,23029,326,Jasper County,Washington County
2019,31089,23027,527,Holt County,Waldo County
2019,50027,23027,135,Windsor County,Waldo County
2019,18135,23023,482,Randolph County,Sagadahoc County
2019,23023,41071,696,Sagadahoc County,Yamhill County
2019,23023,16051,218,Sagadahoc County,Jefferson County
2019,34023,23017,445,Middlesex County,Oxford County
2019,45025,23017,313,Chesterfield County,Oxford County
2019,23017,33003,545,Oxford County,Carroll County
2019,45007,23017,852,Anderson County,Oxford County
2019,36115,23017,923,Washington County,Oxford County
2019,23019,41027,864,Penobscot County,Hood River County
2019,23019,17095,772,Penobscot County,Knox County
2019,33017,23019,458,Strafford County,Penobscot County
2019,23005,54011,548,Cumberland County,Cabell County
2019,23005,32023,225,Cumberland County,Nye County
2019,31089,23031,720,Holt County,York County
2019,32019,23031,207,Lyon County,York County
2019,72153,23031,951,Yauco Municipio,York County
2019,24019,47085,522,Dorchester County,Humphreys County
2019,24019,08103,582,Dorchester County,Rio Blanco County
2019,04011,24019,849,Greenlee County,Dorchester County
2019,06105,24019,942,Trinity County,Dorchester County
2019,24035,06069,432,Queen Anne's County,San Benito County
2019,24035,28001,456,Queen Anne's County,Adams County
2019,24035,45079,55,Queen Anne's County,Richland County
2019,24001,40095,68,Allegany County,Marshall County
2019,36115,24001,563,Washington County,Allegany County
2019,13191,24001,453,McIntosh County,Allegany County
2019,24039,49027,930,Somerset County,Millard County
2019,39053,24039,174,Gallia County,Somerset County
2019,18111,24039,189,Newton County,Somerset County
2019,24025,22089,358,Harford County,St. Charles Parish
2019,24025,27001,364,Harford County,Aitkin County
2019,39135,24025,965,Preble County,Harford County
2019,15009,24025,400,Maui County,Harford County
2019,24021,01123,517,Frederick County,Tallapoosa County
2019,39009,24021,299,Athens County,Frederick County
2019,24021,19169,830,Frederick County,Story County
2019,49019,24029,87,Grand County,Kent County
2019,24029,15007,204,Kent County,Kauai County
2019,24003,06025,730,Anne Arundel County,Imperial County
2019,38095,24003,235,Towner County,Anne Arundel County
2019,40091,24003,534,McIntosh County,Anne Arundel County
2019,24003,28037,433,Anne Arundel County,Franklin County
2019,24003,13299,707,Anne Arundel County,Ware County
2019,37167,24045,321,Stanly County,Wicomico County
2019,24045,25025,903,Wicomico County,Suffolk County
2019,47045,24045,204,Dyer County,Wicomico County
2019,29021,24045,438,Buchanan County,Wicomico County
2019,08023,24045,616,Costilla County,Wicomico County
2019,01019,24013,559,Cherokee County,Carroll County
2019,24013,30067,960,Carroll County,Park County
2019,36025,25019,738,Delaware County,Nantucket County
2019,47053,25019,475,Gibson County,Nantucket County
2019,34035,25023,466,Somerset County,Plymouth County
2019,25023,36097,150,Plymouth County,Schuyler County
2019,39135,25001,770,Preble County,Barnstable County
2019,20095,25001,415,Kingman County,Barnstable County
2019,25001,53027,852,Barnstable County,Grays Harbor County
2019,25025,38025,610,Suffolk County,Dunn County
2019,25025,22123,549,Suffolk County,West Carroll Parish
2019,25025,06093,567,Suffolk County,Siskiyou County
2019,56025,25025,821,Natrona County,Suffolk County
2019,25011,01081,970,Franklin County,Lee County
2019,31021,25011,189,Burt County,Franklin County
2019,25017,08023,554,Middlesex County,Costilla County
2019,25017,72001,491,Middlesex County,Adjuntas Municipio
2019,25005,46093,341,Bristol County,Meade County
2019,25005,08023,179,Bristol County,Costilla County
2019,50009,25005,22,Essex County,Bristol County
2019,04015,25003,565,Mohave County,Berkshire County
2019,32023,25003,585,Nye County,Berkshire County
2019,25003,51087,581,Berkshire County,Henrico County
2019,25003,54027,652,Berkshire County,Hampshire County
2019,21021,25003,904,Boyle County,Berkshire County
2019,16069,25027,905,Nez Perce County,Worcester County
2019,25027,33017,492,Worcester County,Strafford County
2019,25027,41061,243,Worcester County,Union County
2019,25027,23019,149,Worcester County,Penobscot County
2019,25009,38039,699,Essex County,Griggs County
2019,25009,20107,100,Essex County,Linn County
2019,26061,47001,399,Houghton County,Anderson County
2019,26061,01129,939,Houghton County,Washington County
2019,26061,27021,662,Houghton County,Cass County
2019,42025,26001,20,Carbon County,Alcona County
2019,26001,08031,232,Alcona County,Denver County
2019,26001,54083,627,Alcona County,Randolph County
2019,02013,26001,258,Aleutians East Borough,Alcona County
2019,26045,32005,847,Eaton County,Douglas County
2019,26045,34037,416,Eaton County,Sussex County
2019,26045,53073,109,Eaton County,Whatcom County
2019,26045,34001,707,Eaton County,Atlantic County
2019,26063,55069,445,Huron County,Lincoln County
2019,13287,26063,741,Turner County,Huron County
2019,26063,05001,421,Huron County,Arkansas County
2019,37167,26037,78,Stanly County,Clinton County
2019,44009,26037,304,Washington County,Clinton County
2019,48061,26037,896,Cameron County,Clinton County
2019,49045,26037,245,Tooele County,Clinton County
2019,26057,47091,185,Gratiot County,Johnson County
2019,56017,26057,290,Hot Springs County,Gratiot County
2019,26057,24039,425,Gratiot County,Somerset County
2019,47021,26057,741,Cheatham County,Gratiot County
2019,26057,48335,734,Gratiot County,Mitchell County
2019,26021,22089,348,Berrien County,St. Charles Parish
2019,26021,28025,44,Berrien County,Clay County
2019,22123,26021,279,West Carroll Parish,Berrien County
2019,26021,08115,224,Berrien County,Sedgwick County
2019,26021,31045,749,Berrien County,Dawes County
2019,26107,36101,281,Mecosta County,Steuben County
2019,26107,56019,22,Mecosta County,Johnson County
2019,37079,26107,685,Greene County,Mecosta County
2019,26009,35023,892,Antrim County,Hidalgo County
2019,34003,26009,741,Bergen County,Antrim County
2019,26025,28057,840,Calhoun County,Itawamba County
2019,26025,44007,219,Calhoun County,Providence County
2019,26025,02150,837,Calhoun County,Kodiak Island Borough
2019,48159,27153,783,Franklin County,Todd County
2019,27153,19191,597,Todd County,Winneshiek County
2019,27153,41025,642,Todd County,Harney County
2019,54011,27153,826,Cabell County,Todd County
2019,37021,27153,543,Buncombe County,Todd County
2019,39053,27001,516,Gallia County,Aitkin County
2019,27001,04027,680,Aitkin County,Yuma County
2019,23017,27001,650,Oxford County,Aitkin County
2019,02013,27053,334,Aleutians East Borough,Hennepin County
2019,50027,27053,282,Windsor County,Hennepin County
2019,27045,53031,144,Fillmore County,Jefferson County
2019,27045,29133,662,Fillmore County,Mississippi County
2019,55009,27025,791,Brown County,Chisago County
2019,27025,55099,526,Chisago County,Price County
2019,27025,72065,791,Chisago County,Hatillo Municipio
2019,27135,35023,742,Roseau County,Hidalgo County
2019,56027,27135,709,Niobrara County,Roseau County
2019,37089,27135,115,Henderson County,Roseau County
2019,27021,50027,654,Cass County,Windsor County
2019,27021,41033,35,Cass County,Josephine County
2019,27021,01081,287,Cass County,Lee County
2019,42091,27021,62,Montgomery County,Cass County
2019,39137,27037,938,Putnam County,Dakota County
2019,28061,27037,78,Jasper County,Dakota County
2019,27037,01019,351,Dakota County,Cherokee County
2019,27037,22025,582,Dakota County,Catahoula Parish
2019,08071,27037,59,Las Animas County,Dakota County
2019,39153,27009,893,Summit County,Benton County
2019,27009,02220,942,Benton County,Sitka City and Borough
2019,48159,27137,457,Franklin County,St. Louis County
2019,04011,27137,620,Greenlee County,St. Louis County
2019,28061,41033,527,Jasper County,Josephine County
2019,28061,12027,811,Jasper County,DeSoto County
2019,28061,18053,329,Jasper County,Grant County
2019,48335,28061,609,Mitchell County,Jasper County
2019,28001,20131,879,Adams County,Nemaha County
2019,19129,28001,845,Mills County,Adams County
2019,28001,27009,337,Adams County,Benton County
2019,55009,28001,788,Brown County,Adams County
2019,23031,28001,759,York County,Adams County
2019,28045,27021,622,Hancock County,Cass County
2019,35017,28045,192,Grant County,Hancock County
2019,28063,02282,591,Jefferson County,Yakutat City and Borough
2019,28063,15001,717,Jefferson County,Hawaii County
2019,28063,16075,152,Jefferson County,Payette County
2019,28063,48019,498,Jefferson County,Bandera County
2019,41025,28037,59,Harney County,Franklin County
2019,28037,39045,719,Franklin County,Fairfield County
2019,28037,46109,174,Franklin County,Roberts County
2019,28037,35015,416,Franklin County,Eddy County
2019,28037,29021,231,Franklin County,Buchanan County
2019,28057,22051,449,Itawamba County,Jefferson Parish
2019,28057,02150,770,Itawamba County,Kodiak Island Borough
2019,28057,37079,529,Itawamba County,Greene County
2019,39153,28057,64,Summit County,Itawamba County
2019,51115,28021,62,Mathews County,Claiborne County
2019,36119,28021,810,Westchester County,Claiborne County
2019,12011,28021,113,Broward County,Claiborne County
2019,45017,28021,766,Calhoun County,Claiborne County
2019,28021,26063,525,Claiborne County,Huron County
2019,41043,28107,499,Linn County,Panola County
2019,01009,28107,202,Blount County,Panola County
2019,50017,28107,109,Orange County,Panola County
2019,01019,28107,613,Cherokee County,Panola County
2019,25009,28107,39,Essex County,Panola County
2019,27021,28009,114,Cass County,Benton County
2019,28009,12123,707,Benton County,Taylor County
2019,40091,28009,261,McIntosh County,Benton County
2019,28025,29139,588,Clay County,Montgomery County
2019,01073,28025,909,Jefferson County,Clay County
2019,29163,50023,756,Pike County,Washington County
2019,29163,29023,18,Pike County,Butler County
2019,30073,29163,590,Pondera County,Pike County
2019,29163,35031,480,Pike County,McKinley County
2019,28107,29163,513,Panola County,Pike County
2019,49033,29009,205,Rich County,Barry County
2019,46063,29009,166,Harding County,Barry County
2019,08071,29009,838,Las Animas County,Barry County
2019,48335,29009,954,Mitchell County,Barry County
2019,29009,22051,692,Barry County,Jefferson Parish
2019,29081,05139,37,Harrison County,Union County
2019,29081,39037,410,Harrison County,Darke County
2019,40057,29081,503,Harmon County,Harrison County
2019,23017,29081,118,Oxford County,Harrison County
2019,46093,29081,811,Meade County,Harrison County
2019,29139,01033,853,Montgomery County,Colbert County
2019,29139,22089,617,Montgomery County,St. Charles Parish
2019,29139,72009,554,Montgomery County,Aibonito Municipio
2019,29023,29139,238,Butler County,Montgomery County
2019,29139,02275,493,Montgomery County,Wrangell City and Borough
2019,29021,26025,698,Buchanan County,Calhoun County
2019,23005,29021,559,Cumberland County,Buchanan County
2019,29021,72153,232,Buchanan County,Yauco Municipio
2019,31079,29091,456,Hall County,Howell County
2019,02090,29091,515,Fairbanks North Star Borough,Howell County
2019,29091,32017,364,Howell County,Lincoln County
2019,40095,29091,384,Marshall County,Howell County
2019,72059,29091,303,Guayanilla Municipio,Howell County
2019,29141,41063,782,Morgan County,Wallowa County
2019,29141,32033,870,Morgan County,White Pine County
2019,09005,29141,541,Litchfield County,Morgan County
2019,24003,29141,388,Anne Arundel County,Morgan County
2019,29133,28021,236,Mississippi County,Claiborne County
2019,24029,29133,164,Kent County,Mississippi County
2019,29095,34017,109,Jackson County,Hudson County
2019,29095,47091,939,Jackson County,Johnson County
2019,55069,29023,954,Lincoln County,Butler County
2019,02090,29023,888,Fairbanks North Star Borough,Butler County
2019,29023,39135,464,Butler County,Preble County
2019,20021,30001,119,Cherokee County,Beaverhead County
2019,30001,36033,547,Beaverhead County,Franklin County
2019,30001,51087,28,Beaverhead County,Henrico County
2019,49045,30011,314,Tooele County,Carter County
2019,30011,41017,353,Carter County,Deschutes County
2019,30011,47021,561,Carter County,Cheatham County
2019,30067,34037,802,Park County,Sussex County
2019,30067,40071,792,Park County,Kay County
2019,55021,30027,655,Columbia County,Fergus County
2019,30027,08071,706,Fergus County,Las Animas County
2019,30027,34007,52,Fergus County,Camden County
2019,08071,30039,507,Las Animas County,Granite County
2019,27025,30039,678,Chisago County,Granite County
2019,30101,16075,810,Toole County,Payette County
2019,30101,37167,152,Toole County,Stanly County
2019,30073,24003,445,Pondera County,Anne Arundel County
2019,17081,30073,109,Jefferson County,Pondera County
2019,30073,53061,537,Pondera County,Snohomish County
2019,30073,51025,146,Pondera County,Brunswick County
2019,35039,30053,425,Rio Arriba County,Lincoln County
2019,30053,51083,711,Lincoln County,Halifax County
2019,30089,45089,751,Sanders County,Williamsburg County
2019,30089,12019,441,Sanders County,Clay County
2019,38095,30089,881,Towner County,Sanders County
2019,30089,50025,666,Sanders County,Windham County
2019,12035,30089,72,Flagler County,Sanders County
2019,54063,30025,534,Monroe County,Fallon County
2019,05129,30025,995,Searcy County,Fallon County
2019,02013,31081,426,Aleutians East Borough,Hamilton County
2019,46109,31081,800,Roberts County,Hamilton County
2019,29021,31081,192,Buchanan County,Hamilton County
2019,06051,31081,116,Mono County,Hamilton County
2019,48381,31045,687,Randall County,Dawes County
2019,31045,56025,274,Dawes County,Natrona County
2019,31045,15003,185,Dawes County,Honolulu County
2019,25009,31111,755,Essex County,Lincoln County
2019,35017,31111,206,Grant County,Lincoln County
2019,24039,31111,777,Somerset County,Lincoln County
2019,12035,31111,32,Flagler County,Lincoln County
2019,33005,31145,16,Cheshire County,Red Willow County
2019,31145,47137,987,Red Willow County,Pickett County
2019,31145,17021,405,Red Willow County,Christian County
2019,30089,31145,927,Sanders County,Red Willow County
2019,19085,31145,574,Harrison County,Red Willow County
2019,04021,31001,190,Pinal County,Adams County
2019,06105,31001,241,Trinity County,Adams County
2019,31001,72001,929,Adams County,Adjuntas Municipio
2019,31001,15003,267,Adams County,Honolulu County
2019,31001,04017,177,Adams County,Navajo County
2019,31053,18081,785,Dodge County,Johnson County
2019,01091,31053,528,Marengo County,Dodge County
2019,47147,31053,104,Robertson County,Dodge County
2019,31053,49001,55,Dodge County,Beaver County
2019,45089,31079,607,Williamsburg County,Hall County
2019,31079,16049,577,Hall County,Idaho County
2019,31053,31079,740,Dodge County,Hall County
2019,31135,50005,968,Perkins County,Caledonia County
2019,19021,31135,191,Buena Vista County,Perkins County
2019,05129,31135,230,Searcy County,Perkins County
2019,19081,31135,273,Hancock County,Perkins County
2019,29133,31021,178,Mississippi County,Burt County
2019,25009,31021,124,Essex County,Burt County
2019,31021,41027,369,Burt County,Hood River County
2019,25019,31021,995,Nantucket County,Burt County
2019,46137,31089,221,Ziebach County,Holt County
2019,31089,40009,955,Holt County,Beckham County
2019,44001,31089,615,Bristol County,Holt County
2019,34007,31089,758,Camden County,Holt County
2019,32001,42091,189,Churchill County,Montgomery County
2019,32001,16009,323,Churchill County,Benewah County
2019,40095,32003,242,Marshall County,Clark County
2019,32003,40001,578,Clark County,Adair County
2019,32003,22073,750,Clark County,Ouachita Parish
2019,54063,32003,301,Monroe County,Clark County
2019,38035,32011,294,Grand Forks County,Eureka County
2019,32011,38087,242,Eureka County,Slope County
2019,18135,32033,582,Randolph County,White Pine County
2019,32033,18089,842,White Pine County,Lake County
2019,30089,32033,944,Sanders County,White Pine County
2019,32033,30067,608,White Pine County,Park County
2019,37161,32023,739,Rutherford County,Nye County
2019,45051,32023,34,Horry County,Nye County
2019,40021,32023,91,Cherokee County,Nye County
2019,32033,32031,896,White Pine County,Washoe County
2019,13261,32031,794,Sumter County,Washoe County
2019,54039,32031,483,Kanawha County,Washoe County
2019,32017,13315,775,Lincoln County,Wilcox County
2019,46129,32017,831,Walworth County,Lincoln County
2019,10005,32029,480,Sussex County,Storey County
2019,36025,32029,242,Delaware County,Storey County
2019,20129,32029,448,Morton County,Storey County
2019,56019,32029,544,Johnson County,Storey County
2019,32005,12011,311,Douglas County,Broward County
2019,27137,32005,806,St. Louis County,Douglas County
2019,51163,32019,826,Rockbridge County,Lyon County
2019,32019,50019,53,Lyon County,Orleans County
2019,11001,32019,191,District of Columbia,Lyon County
2019,33017,04003,639,Strafford County,Cochise County
2019,33017,32003,65,Strafford County,Clark County
2019,33017,01019,727,Strafford County,Cherokee County
2019,33017,42123,652,Strafford County,Warren County
2019,04011,33017,536,Greenlee County,Strafford County
2019,01019,33003,330,Cherokee County,Carroll County
2019,33003,39137,274,Carroll County,Putnam County
2019,33003,21081,905,Carroll County,Grant County
2019,46129,33011,554,Walworth County,Hillsborough County
2019,09001,33011,110,Fairfield County,Hillsborough County
2019,48235,33011,23,Irion County,Hillsborough County
2019,06011,33011,723,Colusa County,Hillsborough County
2019,41063,33011,344,Wallowa County,Hillsborough County
2019,33001,39153,447,Belknap County,Summit County
2019,33001,38095,828,Belknap County,Towner County
2019,38087,33001,835,Slope County,Belknap County
2019,33015,18053,382,Rockingham County,Grant County
2019,72065,33015,107,Hatillo Municipio,Rockingham County
2019,33015,29095,581,Rockingham County,Jackson County
2019,33015,04025,932,Rockingham County,Yavapai County
2019,36001,33005,575,Albany County,Cheshire County
2019,53073,33005,825,Whatcom County,Cheshire County
2019,04005,33005,695,Coconino County,Cheshire County
2019,26009,33005,444,Antrim County,Cheshire County
2019,33009,33005,763,Grafton County,Cheshire County
2019,54083,33019,538,Randolph County,Sullivan County
2019,04027,33019,211,Yuma County,Sullivan County
2019,33019,32019,722,Sullivan County,Lyon County
2019,16009,33009,450,Benewah County,Grafton County
2019,50027,33009,173,Windsor County,Grafton County
2019,33009,04027,886,Grafton County,Yuma County
2019,51025,33009,700,Brunswick County,Grafton County
2019,33009,13061,709,Grafton County,Clay County
2019,39135,33007,419,Preble County,Coos County
2019,33007,27001,382,Coos County,Aitkin County
2019,33007,42019,199,Coos County,Butler County
2019,26001,33013,388,Alcona County,Merrimack County
2019,27001,33013,689,Aitkin County,Merrimack County
2019,33013,30089,316,Merrimack County,Sanders County
2019,16073,34001,514,Owyhee County,Atlantic County
2019,42073,34001,328,Lawrence County,Atlantic County
2019,34001,72021,386,Atlantic County,Bayamón Municipio
2019,06051,34001,432,Mono County,Atlantic County
2019,22105,34035,983,Tangipahoa Parish,Somerset County
2019,34035,31135,580,Somerset County,Perkins County
2019,12027,34031,994,DeSoto County,Passaic County
2019,32011,34031,524,Eureka County,Passaic County
2019,13061,34031,689,Clay County,Passaic County
2019,32003,34003,665,Clark County,Bergen County
2019,25005,34003,340,Bristol County,Bergen County
2019,55099,34003,995,Price County,Bergen County
2019,34017,12009,473,Hudson County,Brevard County
2019,21021,34017,757,Boyle County,Hudson County
2019,34017,72067,608,Hudson County,Hormigueros Municipio
2019,34011,29023,337,Cumberland County,Butler County
2019,34011,09005,331,Cumberland County,Litchfield County
2019,34011,06069,442,Cumberland County,San Benito County
2019,21129,34011,490,Lee County,Cumberland County
2019,25027,34011,597,Worcester County,Cumberland County
2019,51105,34023,975,Lee County,Middlesex County
2019,13113,34023,13,Fayette County,Middlesex County
2019,08071,34023,694,Las Animas County,Middlesex County
2019,34023,46109,980,Middlesex County,Roberts County
2019,34007,42011,964,Camden County,Berks County
2019,34007,04027,862,Camden County,Yuma County
2019,28021,34007,995,Claiborne County,Camden County
2019,34007,32023,174,Camden County,Nye County
2019,17125,34007,124,Mason County,Camden County
2019,34037,46013,807,Sussex County,Brown County
2019,34037,26057,714,Sussex County,Gratiot County
2019,15001,34033,562,Hawaii County,Salem County
2019,37161,34033,17,Rutherford County,Salem County
2019,19169,35059,510,Story County,Union County
2019,18001,35059,467,Adams County,Union County
2019,22089,35028,494,St. Charles Parish,Los Alamos County
2019,35028,02282,66,Los Alamos County,Yakutat City and Borough
2019,19191,35028,494,Winneshiek County,Los Alamos County
2019,35028,36025,931,Los Alamos County,Delaware County
2019,04001,35049,919,Apache County,Santa Fe County
2019,35049,34017,939,Santa Fe County,Hudson County
2019,34007,35049,206,Camden County,Santa Fe County
2019,01073,35049,485,Jefferson County,Santa Fe County
2019,28107,35031,23,Panola County,McKinley County
2019,35031,13287,162,McKinley County,Turner County
2019,35015,49053,377,Eddy County,Washington County
2019,35015,21009,602,Eddy County,Barren County
2019,35017,05057,620,Grant County,Hempstead County
2019,35017,24021,981,Grant County,Frederick County
2019,35017,22123,33,Grant County,West Carroll Parish
2019,35035,28009,325,Otero County,Benton County
2019,72059,35035,947,Guayanilla Municipio,Otero County
2019,54099,35035,363,Wayne County,Otero County
2019,35035,29163,346,Otero County,Pike County
2019,31089,35039,458,Holt County,Rio Arriba County
2019,50019,35039,11,Orleans County,Rio Arriba County
2019,06011,35039,722,Colusa County,Rio Arriba County
2019,35039,01011,671,Rio Arriba County,Bullock County
2019,35023,34001,437,Hidalgo County,Atlantic County
2019,35023,36025,439,Hidalgo County,Delaware County
2019,35023,48403,55,Hidalgo County,Sabine County
2019,31111,35001,680,Lincoln County,Bernalillo County
2019,05127,35001,199,Scott County,Bernalillo County
2019,36101,72097,77,Steuben County,Mayagüez Municipio
2019,36101,40095,805,Steuben County,Marshall County
2019,36101,72065,525,Steuben County,Hatillo Municipio
2019,41043,36113,622,Linn County,Warren County
2019,19021,36113,666,Buena Vista County,Warren County
2019,06001,36113,941,Alameda County,Warren County
2019,47085,36001,842,Humphreys County,Albany County
2019,36001,29133,593,Albany County,Mississippi County
2019,55001,36001,305,Adams County,Albany County
2019,02070,36115,461,Dillingham Census Area,Washington County
2019,37141,36115,708,Pender County,Washington County
2019,54065,36011,220,Morgan County,Cayuga County
2019,12019,36011,843,Clay County,Cayuga County
2019,22117,36011,737,Washington Parish,Cayuga County
2019,02110,36011,862,Juneau City and Borough,Cayuga County
2019,36097,20209,891,Schuyler County,Wyandotte County
2019,36097,36033,77,Schuyler County,Franklin County
2019,36033,17061,402,Franklin County,Greene County
2019,36033,46093,992,Franklin County,Meade County
2019,36033,20061,92,Franklin County,Geary County
2019,36033,20061,164,Franklin County,Geary County
2019,36025,48411,872,Delaware County,San Saba County
2019,34007,36025,895,Camden County,Delaware County
2019,38101,36025,319,Ward County,Delaware County
2019,36025,42129,169,Delaware County,Westmoreland County
2019,27045,36025,949,Fillmore County,Delaware County
2019,36051,18135,793,Livingston County,Randolph County
2019,24001,36051,291,Allegany County,Livingston County
2019,12035,36119,719,Flagler County,Westchester County
2019,36119,20131,369,Westchester County,Nemaha County
2019,37167,28025,426,Stanly County,Clay County
2019,72067,37167,830,Hormigueros Municipio,Stanly County
2019,37167,37089,959,Stanly County,Henderson County
2019,12083,37107,46,Marion County,Lenoir County
2019,37107,40057,297,Lenoir County,Harmon County
2019,23011,37107,54,Kennebec County,Lenoir County
2019,08023,37107,644,Costilla County,Lenoir County
2019,37141,49055,960,Pender County,Wayne County
2019,37141,33009,52,Pender County,Grafton County
2019,37091,19195,322,Hertford County,Worth County
2019,37091,23005,122,Hertford County,Cumberland County
2019,37089,36025,671,Henderson County,Delaware County
2019,40057,37089,470,Harmon County,Henderson County
2019,37079,37089,49,Greene County,Henderson County
2019,16075,37079,974,Payette County,Greene County
2019,48335,37079,994,Mitchell County,Greene County
2019,40057,37079,127,Harmon County,Greene County
2019,16051,37045,491,Jefferson County,Cleveland County
2019,24001,37045,955,Allegany County,Cleveland County
2019,37161,40091,484,Rutherford County,McIntosh County
2019,37161,35035,607,Rutherford County,Otero County
2019,42123,37021,592,Warren County,Buncombe County
2019,29023,37021,764,Butler County,Buncombe County
2019,46109,37021,285,Roberts County,Buncombe County
2019,40095,37001,866,Marshall County,Alamance County
2019,46063,37001,146,Harding County,Alamance County
2019,20189,37001,676,Stevens County,Alamance County
2019,37001,26025,158,Alamance County,Calhoun County
2019,41061,37001,29,Union County,Alamance County
2019,17061,38039,246,Greene County,Griggs County
2019,38039,55099,122,Griggs County,Price County
2019,38039,19195,824,Griggs County,Worth County
2019,38039,48335,470,Griggs County,Mitchell County
2019,38083,28037,877,Sheridan County,Franklin County
2019,38083,09011,601,Sheridan County,New London County
2019,32003,38083,72,Clark County,Sheridan County
2019,38083,47145,545,Sheridan County,Roane County
2019,72131,38083,34,San Sebastián Municipio,Sheridan County
2019,21081,38095,557,Grant County,Towner County
2019,05139,38095,306,Union County,Towner County
2019,47021,38095,95,Cheatham County,Towner County
2019,34037,38095,280,Sussex County,Towner County
2019,38095,33009,240,Towner County,Grafton County
2019,38025,26057,654,Dunn County,Gratiot County
2019,38025,08121,39,Dunn County,Washington County
2019,38025,49027,315,Dunn County,Millard County
2019,38025,53013,339,Dunn County,Columbia County
2019,38025,46027,842,Dunn County,Clay County
2019,55021,38087,597,Columbia County,Slope County
2019,17125,38087,353,Mason County,Slope County
2019,47001,38011,183,Anderson County,Bowman County
2019,38011,09015,191,Bowman County,Windham County
2019,38035,48061,794,Grand Forks County,Cameron County
2019,38035,48381,163,Grand Forks County,Randall County
2019,38035,02275,387,Grand Forks County,Wrangell City and Borough
2019,15007,38035,495,Kauai County,Grand Forks County
2019,36033,38035,501,Franklin County,Grand Forks County
2019,38101,56019,198,Ward County,Johnson County
2019,38101,20131,868,Ward County,Nemaha County
2019,06027,38101,376,Inyo County,Ward County
2019,47085,38007,296,Humphreys County,Billings County
2019,38007,51087,973,Billings County,Henrico County
2019,27135,38065,156,Roseau County,Oliver County
2019,38065,08023,75,Oliver County,Costilla County
2019,25019,39153,863,Nantucket County,Summit County
2019,39153,20129,195,Summit County,Morton County
2019,46063,39153,15,Harding County,Summit County
2019,39001,48235,138,Adams County,Irion County
2019,39001,54027,302,Adams County,Hampshire County
2019,39001,19129,972,Adams County,Mills County
2019,46137,39001,656,Ziebach County,Adams County
2019,39001,46137,437,Adams County,Ziebach County
2019,39053,08001,246,Gallia County,Adams County
2019,37167,39053,342,Stanly County,Gallia County
2019,23011,39045,356,Kennebec County,Fairfield County
2019,48061,39045,552,Cameron County,Fairfield County
2019,39153,39025,406,Summit County,Clermont County
2019,49033,39025,479,Rich County,Clermont County
2019,39025,10001,980,Clermont County,Kent County
2019,30053,39135,366,Lincoln County,Preble County
2019,39135,55009,275,Preble County,Brown County
2019,39021,04005,580,Champaign County,Coconino County
2019,39021,21053,127,Champaign County,Clinton County
2019,39021,16073,834,Champaign County,Owyhee County
2019,39037,54099,527,Darke County,Wayne County
2019,47147,39037,215,Robertson County,Darke County
2019,54027,39037,813,Hampshire County,Darke County
2019,39037,25023,670,Darke County,Plymouth County
2019,20129,39009,288,Morton County,Athens County
2019,39009,35039,326,Athens County,Rio Arriba County
2019,39009,27025,176,Athens County,Chisago County
2019,39009,01129,648,Athens County,Washington County
2019,39009,56001,954,Athens County,Albany County
2019,39137,44009,205,Putnam County,Washington County
2019,22033,39137,145,East Baton Rouge Parish,Putnam County
2019,06075,39137,435,San Francisco County,Putnam County
2019,39137,27137,714,Putnam County,St. Louis County
2019,40009,49025,371,Beckham County,Kane County
2019,38065,40009,762,Oliver County,Beckham County
2019,36025,40009,582,Delaware County,Beckham County
2019,20021,40071,77,Cherokee County,Kay County
2019,40071,27153,548,Kay County,Todd County
2019,40071,20061,521,Kay County,Geary County
2019,56019,40071,495,Johnson County,Kay County
2019,40021,23003,598,Cherokee County,Aroostook County
2019,40021,46013,982,Cherokee County,Brown County
2019,46035,40021,474,Davison County,Cherokee County
2019,53055,40021,149,San Juan County,Cherokee County
2019,40021,01011,676,Cherokee County,Bullock County
2019,40001,33015,616,Adair County,Rockingham County
2019,51105,40001,956,Lee County,Adair County
2019,40001,25011,364,Adair County,Franklin County
2019,40001,50023,967,Adair County,Washington County
2019,29139,40091,94,Montgomery County,McIntosh County
2019,40091,09007,518,McIntosh County,Middlesex County
2019,39153,40091,189,Summit County,McIntosh County
2019,40095,13159,361,Marshall County,Jasper County
2019,02282,40095,907,Yakutat City and Borough,Marshall County
2019,40095,47091,245,Marshall County,Johnson County
2019,40095,20107,525,Marshall County,Linn County
2019,25005,40095,985,Bristol County,Marshall County
2019,20189,40133,470,Stevens County,Seminole County
2019,40133,46137,487,Seminole County,Ziebach County
2019,40133,22011,422,Seminole County,Beauregard Parish
2019,22105,40133,93,Tangipahoa Parish,Seminole County
2019,40133,46093,935,Seminole County,Meade County
2019,17125,40107,615,Mason County,Okfuskee County
2019,40107,72009,660,Okfuskee County,Aibonito Municipio
2019,41053,40107,774,Polk County,Okfuskee County
2019,40107,21081,791,Okfuskee County,Grant County
2019,40101,05009,365,Muskogee County,Boone County
2019,40101,20061,399,Muskogee County,Geary County
2019,45079,40057,66,Richland County,Harmon County
2019,40057,29133,365,Harmon County,Mississippi County
2019,30001,40057,145,Beaverhead County,Harmon County
2019,54065,41071,112,Morgan County,Yamhill County
2019,04017,41071,519,Navajo County,Yamhill County
2019,41071,39137,906,Yamhill County,Putnam County
2019,41027,29139,912,Hood River County,Montgomery County
2019,48403,41027,906,Sabine County,Hood River County
2019,41027,27045,968,Hood River County,Fillmore County
2019,06001,41053,512,Alameda County,Polk County
2019,56025,41053,643,Natrona County,Polk County
2019,41061,19195,693,Union County,Worth County
2019,06051,41061,361,Mono County,Union County
2019,31021,41061,872,Burt County,Union County
2019,41033,36051,607,Josephine County,Livingston County
2019,41033,49017,596,Josephine County,Garfield County
2019,01025,41033,629,Clarke County,Josephine County
2019,41033,10003,137,Josephine County,New Castle County
2019,41033,10001,476,Josephine County,Kent County
2019,41063,26057,84,Wallowa County,Gratiot County
2019,41063,02282,324,Wallowa County,Yakutat City and Borough
2019,25019,41063,18,Nantucket County,Wallowa County
2019,51087,41043,926,Henrico County,Linn County
2019,41043,38101,653,Linn County,Ward County
2019,54025,41043,928,Greenbrier County,Linn County
2019,40071,41043,308,Kay County,Linn County
2019,41025,30011,525,Harney County,Carter County
2019,50027,41025,196,Windsor County,Harney County
2019,08049,41025,322,Grand County,Harney County
2019,02164,41025,30,Lake and Peninsula Borough,Harney County
2019,41017,36025,600,Deschutes County,Delaware County
2019,27001,41017,543,Aitkin County,Deschutes County
2019,41017,18111,951,Deschutes County,Newton County
2019,21053,41017,737,Clinton County,Deschutes County
2019,49017,41035,495,Garfield County,Klamath County
2019,56019,41035,103,Johnson County,Klamath County
2019,30101,41035,732,Toole County,Klamath County
2019,42073,22033,174,Lawrence County,East Baton Rouge Parish
2019,42073,05057,467,Lawrence County,Hempstead County
2019,42033,53073,930,Clearfield County,Whatcom County
2019,35059,42033,92,Union County,Clearfield County
2019,25025,42033,933,Suffolk County,Clearfield County
2019,16051,42033,179,Jefferson County,Clearfield County
2019,21147,42009,671,McCreary County,Bedford County
2019,22089,42009,892,St. Charles Parish,Bedford County
2019,42009,41043,991,Bedford County,Linn County
2019,42019,72009,791,Butler County,Aibonito Municipio
2019,19021,42019,266,Buena Vista County,Butler County
2019,42091,21147,823,Montgomery County,McCreary County
2019,42091,13299,833,Montgomery County,Ware County
2019,23003,42081,15,Aroostook County,Lycoming County
2019,39053,42081,324,Gallia County,Lycoming County
2019,42081,08049,767,Lycoming County,Grand County
2019,12011,42081,202,Broward County,Lycoming County
2019,36051,42123,948,Livingston County,Warren County
2019,42123,24019,260,Warren County,Dorchester County
2019,42123,17095,408,Warren County,Knox County
2019,42011,26107,129,Berks County,Mecosta County
2019,42011,53049,489,Berks County,Pacific County
2019,42011,24021,696,Berks County,Frederick County
2019,48335,42011,119,Mitchell County,Berks County
2019,42129,06027,313,Westmoreland County,Inyo County
2019,16075,42129,204,Payette County,Westmoreland County
2019,42129,26061,188,Westmoreland County,Houghton County
2019,42025,31021,339,Carbon County,Burt County
2019,13261,42025,45,Sumter County,Carbon County
2019,44003,26009,18,Kent County,Antrim County
2019,40101,44003,952,Muskogee County,Kent County
2019,44003,16081,228,Kent County,Teton County
2019,44003,50005,242,Kent County,Caledonia County
2019,21095,44009,256,Harlan County,Washington County
2019,44009,48061,47,Washington County,Cameron County
2019,44009,19195,457,Washington County,Worth County
2019,44005,56003,292,Newport County,Big Horn County
2019,72065,44005,50,Hatillo Municipio,Newport County
2019,44001,49027,939,Bristol County,Millard County
2019,06011,44001,255,Colusa County,Bristol County
2019,44007,51790,199,Providence County,Staunton city
2019,44007,31053,995,Providence County,Dodge County
2019,01033,44007,974,Colbert County,Providence County
2019,44007,38101,888,Providence County,Ward County
2019,45079,30001,526,Richland County,Beaverhead County
2019,45079,34031,741,Richland County,Passaic County
2019,45079,22011,560,Richland County,Beauregard Parish
2019,72001,45079,648,Adjuntas Municipio,Richland County
2019,45051,45079,933,Horry County,Richland County
2019,30101,45051,76,Toole County,Horry County
2019,45051,47137,595,Horry County,Pickett County
2019,45051,53055,867,Horry County,San Juan County
2019,45051,34001,105,Horry County,Atlantic County
2019,55069,45053,379,Lincoln County,Jasper County
2019,45053,23031,881,Jasper County,York County
2019,45053,21053,217,Jasper County,Clinton County
2019,34035,45089,822,Somerset County,Williamsburg County
2019,45089,34001,165,Williamsburg County,Atlantic County
2019,22073,45071,420,Ouachita Parish,Newberry County
2019,54063,45071,657,Monroe County,Newberry County
2019,45083,31053,298,Spartanburg County,Dodge County
2019,22001,45083,927,Acadia Parish,Spartanburg County
2019,45083,33019,257,Spartanburg County,Sullivan County
2019,45009,72065,865,Bamberg County,Hatillo Municipio
2019,45009,46063,214,Bamberg County,Harding County
2019,16081,45009,146,Teton County,Bamberg County
2019,45009,24029,175,Bamberg County,Kent County
2019,45025,54083,83,Chesterfield County,Randolph County
2019,28025,45025,749,Clay County,Chesterfield County
2019,20189,45025,498,Stevens County,Chesterfield County
2019,45025,31021,110,Chesterfield County,Burt County
2019,45025,35015,705,Chesterfield County,Eddy County
2019,45017,33011,416,Calhoun County,Hillsborough County
2019,49027,45017,486,Millard County,Calhoun County
2019,44009,45007,844,Washington County,Anderson County
2019,45007,02282,704,Anderson County,Yakutat City and Borough
2019,45007,28025,459,Anderson County,Clay County
2019,45007,05001,269,Anderson County,Arkansas County
2019,45007,54025,487,Anderson County,Greenbrier County
2019,46109,05127,100,Roberts County,Scott County
2019,32011,46109,806,Eureka County,Roberts County
2019,46109,09007,333,Roberts County,Middlesex County
2019,28063,46109,199,Jefferson County,Roberts County
2019,46109,05129,772,Roberts County,Searcy County
2019,45017,46127,312,Calhoun County,Union County
2019,46127,06001,661,Union County,Alameda County
2019,46003,09007,502,Aurora County,Middlesex County
2019,35031,46003,354,McKinley County,Aurora County
2019,46003,36119,362,Aurora County,Westchester County
2019,45017,46003,398,Calhoun County,Aurora County
2019,08115,46003,791,Sedgwick County,Aurora County
2019,46093,31053,829,Meade County,Dodge County
2019,46093,42073,11,Meade County,Lawrence County
2019,46013,19195,920,Brown County,Worth County
2019,46013,04011,514,Brown County,Greenlee County
2019,23017,46013,525,Oxford County,Brown County
2019,46013,22033,48,Brown County,East Baton Rouge Parish
2019,54083,46013,25,Randolph County,Brown County
2019,39137,46129,220,Putnam County,Walworth County
2019,22025,46129,863,Catahoula Parish,Walworth County
2019,56027,46129,869,Niobrara County,Walworth County
2019,13061,46035,858,Clay County,Davison County
2019,46035,40133,252,Davison County,Seminole County
2019,22073,46035,769,Ouachita Parish,Davison County
2019,46027,19129,312,Clay County,Mills County
2019,54025,46027,923,Greenbrier County,Clay County
2019,46027,47091,63,Clay County,Johnson County
2019,21111,46027,374,Jefferson County,Clay County
2019,32019,46137,728,Lyon County,Ziebach County
2019,46137,13159,210,Ziebach County,Jasper County
2019,46137,27137,110,Ziebach County,St. Louis County
2019,46063,54039,187,Harding County,Kanawha County
2019,46063,50005,200,Harding County,Caledonia County
2019,46063,29139,959,Harding County,Montgomery County
2019,40095,47137,834,Marshall County,Pickett County
2019,16007,47137,480,Bear Lake County,Pickett County
2019,13199,47137,294,Meriwether County,Pickett County
2019,31079,47137,930,Hall County,Pickett County
2019,13105,47137,100,Elbert County,Pickett County
2019,55057,47045,597,Juneau County,Dyer County
2019,47045,30001,617,Dyer County,Beaverhead County
2019,47145,55069,153,Roane County,Lincoln County
2019,31145,47145,14,Red Willow County,Roane County
2019,02164,47145,477,Lake and Peninsula Borough,Roane County
2019,47147,56017,497,Robertson County,Hot Springs County
2019,38065,47147,914,Oliver County,Robertson County
2019,33007,47147,449,Coos County,Robertson County
2019,17001,47001,436,Adams County,Anderson County
2019,02110,47001,848,Juneau City and Borough,Anderson County
2019,56003,47001,558,Big Horn County,Anderson County
2019,47053,27037,258,Gibson County,Dakota County
2019,47053,17135,305,Gibson County,Montgomery County
2019,02198,47053,202,Prince of Wales-Hyder Census Area,Gibson County
2019,35001,47053,171,Bernalillo County,Gibson County
2019,04027,47053,688,Yuma County,Gibson County
2019,47081,34035,335,Hickman County,Somerset County
2019,47081,26063,703,Hickman County,Huron County
2019,08049,47085,859,Grand County,Humphreys County
2019,47085,48013,474,Humphreys County,Atascosa County
2019,47085,54027,921,Humphreys County,Hampshire County
2019,28001,47085,356,Adams County,Humphreys County
2019,37167,47085,480,Stanly County,Humphreys County
2019,23029,47021,565,Washington County,Cheatham County
2019,08023,47021,998,Costilla County,Cheatham County
2019,26021,47091,207,Berrien County,Johnson County
2019,02150,47091,21,Kodiak Island Borough,Johnson County
2019,48381,12091,630,Randall County,Okaloosa County
2019,16017,48381,917,Bonner County,Randall County
2019,48381,26001,715,Randall County,Alcona County
2019,05129,48381,207,Searcy County,Randall County
2019,24003,48381,902,Anne Arundel County,Randall County
2019,48013,20107,465,Atascosa County,Linn County
2019,48013,18053,755,Atascosa County,Grant County
2019,48013,25019,138,Atascosa County,Nantucket County
2019,48159,37045,594,Franklin County,Cleveland County
2019,37021,48159,718,Buncombe County,Franklin County
2019,48159,18081,143,Franklin County,Johnson County
2019,48159,13191,199,Franklin County,McIntosh County
2019,39053,48411,719,Gallia County,San Saba County
2019,16009,48411,955,Benewah County,San Saba County
2019,48411,36113,126,San Saba County,Warren County
2019,48235,45051,742,Irion County,Horry County
2019,48235,12027,482,Irion County,DeSoto County
2019,37079,48371,848,Greene County,Pecos County
2019,48371,19191,593,Pecos County,Winneshiek County
2019,48403,27001,777,Sabine County,Aitkin County
2019,19169,48403,37,Story County,Sabine County
2019,01073,48335,348,Jefferson County,Mitchell County
2019,36119,48335,407,Westchester County,Mitchell County
2019,48019,26063,704,Bandera County,Huron County
2019,30089,48019,610,Sanders County,Bandera County
2019,48019,28057,788,Bandera County,Itawamba County
2019,48061,09009,191,Cameron County,New Haven County
2019,38065,48061,180,Oliver County,Cameron County
2019,48381,49055,901,Randall County,Wayne County
2019,49025,49055,605,Kane County,Wayne County
2019,49055,12027,771,Wayne County,DeSoto County
2019,34031,49033,945,Passaic County,Rich County
2019,24003,49033,611,Anne Arundel County,Rich County
2019,42073,49033,43,Lawrence County,Rich County
2019,09015,49033,123,Windham County,Rich County
2019,49033,12027,98,Rich County,DeSoto County
2019,49025,13105,806,Kane County,Elbert County
2019,47021,49025,929,Cheatham County,Kane County
2019,31145,49025,606,Red Willow County,Kane County
2019,40133,49025,544,Seminole County,Kane County
2019,49045,13159,393,Tooele County,Jasper County
2019,49045,56017,173,Tooele County,Hot Springs County
2019,42081,49045,177,Lycoming County,Tooele County
2019,48335,49045,216,Mitchell County,Tooele County
2019,49017,48381,257,Garfield County,Randall County
2019,49017,46129,260,Garfield County,Walworth County
2019,49017,21081,584,Garfield County,Grant County
2019,19195,49019,332,Worth County,Grand County
2019,49019,46027,664,Grand County,Clay County
2019,49019,45089,223,Grand County,Williamsburg County
2019,49019,19001,676,Grand County,Adair County
2019,35059,49043,952,Union County,Summit County
2019,49043,25019,434,Summit County,Nantucket County
2019,49043,27037,492,Summit County,Dakota County
2019,49043,35059,895,Summit County,Union County
2019,26009,49043,826,Antrim County,Summit County
2019,49001,09011,319,Beaver County,New London County
2019,46129,49001,70,Walworth County,Beaver County
2019,39021,49053,983,Champaign County,Washington County
2019,49053,06105,796,Washington County,Trinity County
2019,49027,17095,1000,Millard County,Knox County
2019,44003,49027,660,Kent County,Millard County
2019,49027,12035,101,Millard County,Flagler County
2019,49027,48013,163,Millard County,Atascosa County
2019,28037,49027,667,Franklin County,Millard County
2019,50019,53013,702,Orleans County,Columbia County
2019,39021,50019,680,Champaign County,Orleans County
2019,50019,54087,480,Orleans County,Roane County
2019,50019,34023,191,Orleans County,Middlesex County
2019,50019,72067,918,Orleans County,Hormigueros Municipio
2019,04005,50023,624,Coconino County,Washington County
2019,50023,23003,19,Washington County,Aroostook County
2019,50023,13199,389,Washington County,Meriwether County
2019,50001,42091,434,Addison County,Montgomery County
2019,53013,50001,928,Columbia County,Addison County
2019,18053,50025,589,Grant County,Windham County
2019,50025,12009,847,Windham County,Brevard County
2019,18053,50025,442,Grant County,Windham County
2019,50025,17021,204,Windham County,Christian County
2019,09001,50011,944,Fairfield County,Franklin County
2019,31111,50011,393,Lincoln County,Franklin County
2019,50017,05123,408,Orange County,St. Francis County
2019,50017,72021,610,Orange County,Bayamón Municipio
2019,17091,50017,585,Kankakee County,Orange County
2019,39053,50005,370,Gallia County,Caledonia County
2019,13105,50005,915,Elbert County,Caledonia County
2019,50005,21111,921,Caledonia County,Jefferson County
2019,50011,50003,18,Franklin County,Bennington County
2019,50003,51083,994,Bennington County,Halifax County
2019,26063,50003,723,Huron County,Bennington County
2019,38083,50027,826,Sheridan County,Windsor County
2019,25001,50027,631,Barnstable County,Windsor County
2019,09009,50009,598,New Haven County,Essex County
2019,19129,50009,645,Mills County,Essex County
2019,72153,50009,272,Yauco Municipio,Essex County
2019,34035,50009,583,Somerset County,Essex County
2019,22033,50009,42,East Baton Rouge Parish,Essex County
2019,51105,37089,540,Lee County,Henderson County
2019,51105,19125,268,Lee County,Marion County
2019,15009,51145,606,Maui County,Powhatan County
2019,51145,32031,72,Powhatan County,Washoe County
2019,51145,21095,782,Powhatan County,Harlan County
2019,51065,56003,503,Fluvanna County,Big Horn County
2019,51065,22033,871,Fluvanna County,East Baton Rouge Parish
2019,16073,51065,446,Owyhee County,Fluvanna County
2019,56005,51065,258,Campbell County,Fluvanna County
2019,51087,40095,692,Henrico County,Marshall County
2019,56017,51087,225,Hot Springs County,Henrico County
2019,51087,35015,59,Henrico County,Eddy County
2019,17091,51700,414,Kankakee County,Newport News city
2019,47091,51700,728,Johnson County,Newport News city
2019,41025,51163,137,Harney County,Rockbridge County
2019,56035,51163,868,Sublette County,Rockbridge County
2019,51790,24019,692,Staunton city,Dorchester County
2019,51790,13287,24,Staunton city,Turner County
2019,51790,04017,884,Staunton city,Navajo County
2019,51790,35023,213,Staunton city,Hidalgo County
2019,55123,51115,290,Vernon County,Mathews County
2019,40091,51115,298,McIntosh County,Mathews County
2019,51083,10003,550,Halifax County,New Castle County
2019,01073,51083,698,Jefferson County,Halifax County
2019,51083,33005,774,Halifax County,Cheshire County
2019,33019,51083,344,Sullivan County,Halifax County
2019,40057,51025,10,Harmon County,Brunswick County
2019,01129,51025,233,Washington County,Brunswick County
2019,51145,53067,885,Powhatan County,Thurston County
2019,53067,55025,441,Thurston County,Dane County
2019,04001,53067,377,Apache County,Thurston County
2019,53067,42081,219,Thurston County,Lycoming County
2019,15005,53067,814,Kalawao County,Thurston County
2019,47147,53073,194,Robertson County,Whatcom County
2019,49019,53073,370,Grand County,Whatcom County
2019,24045,53073,964,Wicomico County,Whatcom County
2019,53073,22051,288,Whatcom County,Jefferson Parish
2019,46129,53073,344,Walworth County,Whatcom County
2019,27053,53009,523,Hennepin County,Clallam County
2019,23001,53009,564,Androscoggin County,Clallam County
2019,51790,53009,853,Staunton city,Clallam County
2019,06027,53009,33,Inyo County,Clallam County
2019,01123,53009,582,Tallapoosa County,Clallam County
2019,06027,53027,107,Inyo County,Grays Harbor County
2019,48371,53027,570,Pecos County,Grays Harbor County
2019,31079,53061,270,Hall County,Snohomish County
2019,51163,53061,992,Rockbridge County,Snohomish County
2019,53061,24003,263,Snohomish County,Anne Arundel County
2019,04003,53053,821,Cochise County,Pierce County
2019,53053,50003,735,Pierce County,Bennington County
2019,13113,53053,338,Fayette County,Pierce County
2019,53053,22117,164,Pierce County,Washington Parish
2019,53053,50019,913,Pierce County,Orleans County
2019,53013,46003,408,Columbia County,Aurora County
2019,53013,01081,262,Columbia County,Lee County
2019,53013,29009,479,Columbia County,Barry County
2019,53055,32023,790,San Juan County,Nye County
2019,01025,53055,340,Clarke County,San Juan County
2019,36001,53055,636,Albany County,San Juan County
2019,53049,33019,41,Pacific County,Sullivan County
2019,41043,53049,492,Linn County,Pacific County
2019,22105,53049,136,Tangipahoa Parish,Pacific County
2019,19125,53049,757,Marion County,Pacific County
2019,53031,53013,790,Jefferson County,Columbia County
2019,53031,18053,871,Jefferson County,Grant County
2019,53031,13261,541,Jefferson County,Sumter County
2019,53031,02090,838,Jefferson County,Fairbanks North Star Borough
2019,53031,56019,218,Jefferson County,Johnson County
2019,51083,54063,676,Halifax County,Monroe County
2019,32023,54063,214,Nye County,Monroe County
2019,54063,47091,840,Monroe County,Johnson County
2019,54063,24025,169,Monroe County,Harford County
2019,26057,54011,686,Gratiot County,Cabell County
2019,06001,54011,772,Alameda County,Cabell County
2019,72025,54011,459,Caguas Municipio,Cabell County
2019,31135,54011,19,Perkins County,Cabell County
2019,54065,46027,529,Morgan County,Clay County
2019,19191,54065,902,Winneshiek County,Morgan County
2019,54065,35031,354,Morgan County,McKinley County
2019,54065,50003,809,Morgan County,Bennington County
2019,54027,06001,891,Hampshire County,Alameda County
2019,39037,54027,275,Darke County,Hampshire County
2019,54039,12027,136,Kanawha County,DeSoto County
2019,54039,25025,151,Kanawha County,Suffolk County
2019,54039,26045,357,Kanawha County,Eaton County
2019,54039,20129,773,Kanawha County,Morton County
2019,35039,54039,638,Rio Arriba County,Kanawha County
2019,34011,54099,494,Cumberland County,Wayne County
2019,54099,19081,367,Wayne County,Hancock County
2019,54099,09015,409,Wayne County,Windham County
2019,54083,12129,671,Randolph County,Wakulla County
2019,54027,54083,754,Hampshire County,Randolph County
2019,54083,50011,675,Randolph County,Franklin County
2019,12075,54083,832,Levy County,Randolph County
2019,54053,24003,828,Mason County,Anne Arundel County
2019,54053,29081,220,Mason County,Harrison County
2019,54053,17061,549,Mason County,Greene County
2019,54053,22033,727,Mason County,East Baton Rouge Parish
2019,54053,33011,722,Mason County,Hillsborough County
2019,54065,54087,801,Morgan County,Roane County
2019,29163,54087,675,Pike County,Roane County
2019,16025,54087,27,Camas County,Roane County
2019,53067,54087,448,Thurston County,Roane County
2019,06025,54087,342,Imperial County,Roane County
2019,54025,06105,768,Greenbrier County,Trinity County
2019,01123,54025,44,Tallapoosa County,Greenbrier County
2019,54025,16009,370,Greenbrier County,Benewah County
2019,54025,13299,429,Greenbrier County,Ware County
2019,55009,51163,736,Brown County,Rockbridge County
2019,55009,27021,584,Brown County,Cass County
2019,55009,44003,779,Brown County,Kent County
2019,22089,55123,460,St. Charles Parish,Vernon County
2019,55123,41063,438,Vernon County,Wallowa County
2019,06093,55123,279,Siskiyou County,Vernon County
2019,46137,55123,360,Ziebach County,Vernon County
2019,55123,49045,890,Vernon County,Tooele County
2019,19001,55037,338,Adair County,Florence County
2019,12083,55037,345,Marion County,Florence County
2019,45089,55037,307,Williamsburg County,Florence County
2019,35001,55037,111,Bernalillo County,Florence County
2019,42019,55037,331,Butler County,Florence County
2019,55001,32031,880,Adams County,Washoe County
2019,12027,55001,762,DeSoto County,Adams County
2019,34023,55001,462,Middlesex County,Adams County
2019,55057,51065,930,Juneau County,Fluvanna County
2019,55057,19169,86,Juneau County,Story County
2019,06089,55057,409,Shasta County,Juneau County
2019,55099,45053,888,Price County,Jasper County
2019,55099,02070,856,Price County,Dillingham Census Area
2019,37089,55099,794,Henderson County,Price County
2019,55099,25009,116,Price County,Essex County
2019,25023,55099,140,Plymouth County,Price County
2019,55021,09013,192,Columbia County,Tolland County
2019,29141,55021,303,Morgan County,Columbia County
2019,01033,55021,699,Colbert County,Columbia County
2019,55021,31001,269,Columbia County,Adams County
2019,45009,55069,834,Bamberg County,Lincoln County
2019,55069,17095,866,Lincoln County,Knox County
2019,55069,21111,685,Lincoln County,Jefferson County
2019,35035,55069,388,Otero County,Lincoln County
2019,08087,55025,582,Morgan County,Dane County
2019,45083,55025,395,Spartanburg County,Dane County
2019,55025,02164,65,Dane County,Lake and Peninsula Borough
2019,55107,15007,228,Rusk County,Kauai County
2019,49025,55107,526,Kane County,Rusk County
2019,27021,55107,305,Cass County,Rusk County
2019,55107,01091,656,Rusk County,Marengo County
2019,47081,56031,116,Hickman County,Platte County
2019,56031,49033,709,Platte County,Rich County
2019,56019,12083,617,Johnson County,Marion County
2019,56019,28001,585,Johnson County,Adams County
2019,48403,56019,688,Sabine County,Johnson County
2019,56001,19081,745,Albany County,Hancock County
2019,56001,26057,32,Albany County,Gratiot County
2019,56001,10005,205,Albany County,Sussex County
2019,32023,56001,560,Nye County,Albany County
2019,56001,31135,426,Albany County,Perkins County
2019,56017,72025,660,Hot Springs County,Caguas Municipio
2019,46013,56017,181,Brown County,Hot Springs County
2019,45017,56035,91,Calhoun County,Sublette County
2019,55009,56035,598,Brown County,Sublette County
2019,13315,56035,750,Wilcox County,Sublette County
2019,50017,56025,325,Orange County,Natrona County
2019,04005,56025,339,Coconino County,Natrona County
2019,56003,04011,756,Big Horn County,Greenlee County
2019,56003,45053,466,Big Horn County,Jasper County
2019,56003,12027,790,Big Horn County,DeSoto County
2019,27153,56003,381,Todd County,Big Horn County
2019,02110,56003,159,Juneau City and Borough,Big Horn County
2019,56027,50027,114,Niobrara County,Windsor County
2019,56027,32011,348,Niobrara County,Eureka County
2019,55025,56011,582,Dane County,Crook County
2019,18053,56011,432,Grant County,Crook County
2019,06011,56005,784,Colusa County,Campbell County
2019,56005,27153,325,Campbell County,Todd County
2019,56005,36097,666,Campbell County,Schuyler County
2019,56005,13191,506,Campbell County,McIntosh County
2019,01129,72065,423,Washington County,Hatillo Municipio
2019,72065,04025,925,Hatillo Municipio,Yavapai County
2019,34035,72065,366,Somerset County,Hatillo Municipio
2019,72001,08011,748,Adjuntas Municipio,Bent County
2019,72001,42025,559,Adjuntas Municipio,Carbon County
2019,45083,72001,821,Spartanburg County,Adjuntas Municipio
2019,72001,30011,714,Adjuntas Municipio,Carter County
2019,72001,49001,979,Adjuntas Municipio,Beaver County
2019,36101,72067,21,Steuben County,Hormigueros Municipio
2019,40021,72067,40,Cherokee County,Hormigueros Municipio
2019,25017,72067,911,Middlesex County,Hormigueros Municipio
2019,32011,72067,622,Eureka County,Hormigueros Municipio
2019,12083,72025,326,Marion County,Caguas Municipio
2019,72025,49053,571,Caguas Municipio,Washington County
2019,12129,72021,684,Wakulla County,Bayamón Municipio
2019,33007,72021,845,Coos County,Bayamón Municipio
2019,31145,72021,349,Red Willow County,Bayamón Municipio
2019,53049,72153,162,Pacific County,Yauco Municipio
2019,01091,72153,621,Marengo County,Yauco Municipio
2019,72153,18135,396,Yauco Municipio,Randolph County
2019,72153,46129,746,Yauco Municipio,Walworth County
2019,53061,72059,857,Snohomish County,Guayanilla Municipio
2019,39135,72059,11,Preble County,Guayanilla Municipio
2019,48381,72009,542,Randall County,Aibonito Municipio
2019,21129,72009,964,Lee County,Aibonito Municipio
2019,45089,72009,733,Williamsburg County,Aibonito Municipio
2019,72009,56019,636,Aibonito Municipio,Johnson County
2019,39153,72009,567,Summit County,Aibonito Municipio
2019,72097,38039,738,Mayagüez Municipio,Griggs County
2019,36113,72097,985,Warren County,Mayagüez Municipio
2019,72097,45007,561,Mayagüez Municipio,Anderson County
2019,17095,72131,873,Knox County,San Sebastián Municipio
2019,42025,72131,990,Carbon County,San Sebastián Municipio
2019,06093,72131,172,Siskiyou County,San Sebastián Municipio
2019,72131,54087,293,San Sebastián Municipio,Roane County
2019,72131,23031,418,San Sebastián Municipio,York County
